region,from_rating,AAA,AA,A,BBB,BB,B,CCC_C,D,NR
Global,AA,0.00,93.68,3.16,0.00,0.00,0.00,0.00,0.00,3.16
Global,A,0.00,0.86,95.07,2.43,0.00,0.00,0.00,0.00,1.64
Global,BBB,0.00,0.00,2.49,92.53,1.30,0.11,0.05,0.05,3.46
Global,BB,0.00,0.00,0.08,3.61,87.31,2.44,0.25,0.17,6.13
Global,B,0.00,0.00,0.00,0.06,4.59,79.30,3.38,1.72,10.95
Global,CCC/C,0.00,0.00,0.00,0.00,0.00,10.82,46.78,28.36,14.04
U.S.,AA,0.00,93.97,1.72,0.00,0.00,0.00,0.00,0.00,4.31
U.S.,A,0.00,0.98,94.31,4.12,0.00,0.00,0.00,0.00,0.59
U.S.,BBB,0.00,0.00,2.81,92.64,1.47,0.00,0.00,0.00,3.08
U.S.,BB,0.00,0.00,0.19,3.12,87.72,3.31,0.39,0.19,5.07
U.S.,B,0.00,0.00,0.00,0.00,4.00,78.63,4.11,2.32,10.95
U.S.,CCC/C,0.00,0.00,0.00,0.00,0.00,11.16,40.93,29.30,18.60
Europe,AA,0.00,92.59,3.70,0.00,0.00,0.00,0.00,0.00,3.70
Europe,A,0.00,1.00,95.77,1.24,0.00,0.00,0.00,0.00,1.99
Europe,BBB,0.00,0.00,1.56,93.30,1.56,0.00,0.22,0.00,3.35
Europe,BB,0.00,0.00,0.00,5.80,81.16,1.93,0.48,0.48,10.14
Europe,B,0.00,0.00,0.00,0.00,4.33,80.87,3.64,1.14,10.02
Europe,CCC/C,0.00,0.00,0.00,0.00,0.00,10.00,45.71,37.14,7.14
EM,AA,0.00,96.43,0.00,0.00,0.00,0.00,0.00,0.00,3.57
EM,A,0.00,0.00,97.38,0.44,0.00,0.00,0.00,0.00,2.18
EM,BBB,0.00,0.00,2.92,91.01,1.12,0.45,0.00,0.22,4.27
EM,BB,0.00,0.00,0.00,1.90,90.79,0.81,0.00,0.00,6.50
EM,B,0.00,0.00,0.00,0.42,8.02,78.90,1.69,0.84,10.13
EM,CCC/C,0.00,0.00,0.00,0.00,0.00,4.17,77.08,12.50,6.25
