region,from_rating,cohort_size,to_AAA,to_AA,to_A,to_BBB,to_BB,to_B,to_CCC_C,to_D,to_NR
Global,AA,95,0,89,3,0,0,0,0,0,3
Global,A,1277,0,11,1214,31,0,0,0,0,21
Global,BBB,1848,0,0,46,1710,24,2,1,1,64
Global,BB,1190,0,0,1,43,1039,29,3,2,73
Global,B,1744,0,0,0,1,80,1383,59,30,191
Global,CCC/C,342,0,0,0,0,0,37,160,97,48
U.S.,AA,116,0,109,2,0,0,0,0,0,5
U.S.,A,510,0,5,481,21,0,0,0,0,3
U.S.,BBB,747,0,0,21,692,11,0,0,0,23
U.S.,BB,513,0,0,1,16,450,17,2,1,26
U.S.,B,950,0,0,0,0,38,747,39,22,104
U.S.,CCC/C,215,0,0,0,0,0,24,88,63,40
Europe,AA,27,0,25,1,0,0,0,0,0,1
Europe,A,402,0,4,385,5,0,0,0,0,8
Europe,BBB,448,0,0,7,418,7,0,1,0,15
Europe,BB,207,0,0,0,12,168,4,1,1,21
Europe,B,439,0,0,0,0,19,355,16,5,44
Europe,CCC/C,70,0,0,0,0,0,7,32,26,5
EM,AA,28,0,27,0,0,0,0,0,0,1
EM,A,229,0,0,223,1,0,0,0,0,5
EM,BBB,445,0,0,13,405,5,2,0,1,19
EM,BB,369,0,0,0,7,335,3,0,0,24
EM,B,237,0,0,0,1,19,187,4,2,24
EM,CCC/C,48,0,0,0,0,0,2,37,6,3
