horizon,from_rating,stat,AAA,AA,A,BBB,BB,B,CCC_C,D,NR
1y,AAA,mean,87.28,8.92,0.51,0.03,0.10,0.03,0.05,0.00,3.08
1y,AAA,sd,7.37,7.16,0.81,0.13,0.26,0.17,0.34,0.00,2.45
1y,AA,mean,0.45,87.74,7.50,0.44,0.05,0.06,0.02,0.02,3.74
1y,AA,sd,0.52,5.18,4.19,0.65,0.18,0.19,0.06,0.07,1.69
1y,A,mean,0.02,1.48,89.42,4.64,0.23,0.10,0.01,0.05,4.04
1y,A,sd,0.08,1.04,4.06,2.21,0.36,0.22,0.06,0.10,1.71
1y,BBB,mean,0.00,0.07,3.05,87.33,3.21,0.40,0.09,0.14,5.71
1y,BBB,sd,0.03,0.14,1.58,4.09,1.67,0.62,0.19,0.23,1.52
1y,BB,mean,0.01,0.02,0.10,4.44,78.89,6.25,0.50,0.56,9.23
1y,BB,sd,0.05,0.08,0.22,1.88,4.81,3.14,0.65,0.76,2.21
1y,B,mean,0.00,0.02,0.06,0.14,4.47,75.18,4.79,2.93,12.41
1y,B,sd,0.00,0.07,0.17,0.19,1.98,3.81,2.59,2.87,2.28
1y,CCC/C,mean,0.00,0.00,0.07,0.13,0.40,13.18,45.07,26.12,15.03
1y,CCC/C,sd,0.00,0.00,0.34,0.53,0.79,7.18,8.17,11.29,4.37
3y,AAA,mean,65.98,21.90,2.29,0.31,0.21,0.08,0.10,0.13,9.01
3y,AAA,sd,11.96,12.13,1.68,0.75,0.46,0.29,0.41,0.36,5.28
3y,AA,mean,1.04,68.20,17.67,1.84,0.30,0.19,0.02,0.11,10.62
3y,AA,sd,0.87,9.65,6.23,1.43,0.48,0.42,0.07,0.18,3.76
3y,A,mean,0.05,3.46,72.29,10.62,0.98,0.34,0.07,0.20,11.98
3y,A,sd,0.09,2.16,8.08,3.15,1.00,0.56,0.13,0.26,3.61
3y,BBB,mean,0.01,0.21,7.53,68.14,6.29,1.31,0.23,0.67,15.60
3y,BBB,sd,0.05,0.35,2.96,7.96,2.19,1.21,0.32,0.86,3.18
3y,BB,mean,0.01,0.04,0.39,10.09,50.52,10.75,1.10,3.18,23.93
3y,BB,sd,0.05,0.11,0.62,3.43,8.03,2.85,0.82,3.19,3.46
3y,B,mean,0.00,0.02,0.14,0.59,8.79,43.11,5.39,10.60,31.37
3y,B,sd,0.04,0.09,0.38,0.69,3.46,5.02,1.96,6.57,4.50
3y,CCC/C,mean,0.00,0.00,0.08,0.40,1.34,16.44,10.83,41.07,29.85
3y,CCC/C,sd,0.00,0.00,0.41,1.00,1.40,6.46,5.54,11.86,7.31
